{
	"format_version": "1.21.6",
	"credit": "Made with Blockbench",
	"textures": {
		"0": "item/wooden_shovel",
		"3": "space:item/oak-export",
		"particle": "item/wooden_shovel"
	},
	"elements": [
		{
			"from": [2, -0.5, 0],
			"to": [14, 1.5, 16],
			"rotation": {"angle": 0, "axis": "y", "origin": [8, 0.5, 8]},
			"faces": {
				"north": {"uv": [11.25, 11.5, 15, 12.75], "texture": "#3"},
				"east": {"uv": [7.5, 11.5, 11.25, 12.75], "texture": "#3"},
				"south": {"uv": [3.75, 11.5, 7.5, 12.75], "texture": "#3"},
				"west": {"uv": [0, 11.5, 3.75, 12.75], "texture": "#3"},
				"up": {"uv": [8.5, 0.75, 15.5, 4.75], "rotation": 90, "texture": "#3"},
				"down": {"uv": [7.75, 0.75, 0.75, 4.75], "rotation": 90, "texture": "#3"}
			}
		},
		{
			"from": [2, 1.5, 0],
			"to": [14, 6.5, 16],
			"rotation": {"angle": 0, "axis": "y", "origin": [8, 4, 8]},
			"faces": {
				"north": {"uv": [0, 7.25, 2.25, 8.75], "texture": "#3"},
				"east": {"uv": [6.75, 7.25, 9, 8.75], "texture": "#3"},
				"south": {"uv": [4.5, 7.25, 6.75, 8.75], "texture": "#3"},
				"west": {"uv": [2.25, 7.25, 4.5, 8.75], "texture": "#3"}
			}
		},
		{
			"from": [14, 6.5, 16],
			"to": [2, 1.5, 0],
			"rotation": {"angle": 0, "axis": "y", "origin": [8, 4, 8]},
			"faces": {
				"north": {"uv": [2.5, 5.25, 5, 6.75], "texture": "#3"},
				"east": {"uv": [5, 5.25, 7.5, 6.75], "texture": "#3"},
				"south": {"uv": [0, 5.25, 2.5, 6.75], "texture": "#3"},
				"west": {"uv": [7.5, 5.25, 10, 6.75], "texture": "#3"}
			}
		},
		{
			"from": [-5.11483, 1.64499, 8],
			"to": [5.88517, 12.64499, 8],
			"rotation": {"angle": -17.5, "axis": "z", "origin": [0.08517, 6.24499, 8]},
			"faces": {
				"north": {"uv": [0, 0, 16, 16], "rotation": 90, "texture": "#0"},
				"east": {"uv": [0, 0, 5, 0], "rotation": 270, "texture": "#missing"},
				"south": {"uv": [16, 0, 0, 16], "rotation": 270, "texture": "#0"},
				"west": {"uv": [0, 0, 5, 0], "rotation": 270, "texture": "#missing"},
				"up": {"uv": [0, 0, 0, 7], "rotation": 270, "texture": "#missing"},
				"down": {"uv": [0, 0, 0, 7], "rotation": 270, "texture": "#missing"}
			}
		},
		{
			"from": [10.16483, 1.59499, 8],
			"to": [21.16483, 12.59499, 8],
			"rotation": {"angle": 17.5, "axis": "z", "origin": [15.91483, 6.24499, 8]},
			"faces": {
				"north": {"uv": [0, 16, 16, 0], "rotation": 90, "texture": "#0"},
				"east": {"uv": [0, 0, 5, 0], "rotation": 270, "texture": "#missing"},
				"south": {"uv": [16, 16, 0, 0], "rotation": 270, "texture": "#0"},
				"west": {"uv": [0, 0, 5, 0], "rotation": 270, "texture": "#missing"},
				"up": {"uv": [0, 7, 0, 0], "rotation": 270, "texture": "#missing"},
				"down": {"uv": [0, 7, 0, 0], "rotation": 270, "texture": "#missing"}
			}
		}
	],
	"display": {
		"thirdperson_righthand": {
			"rotation": [0, 0, 69],
			"translation": [1.75, 4.75, 1]
		},
		"thirdperson_lefthand": {
			"rotation": [0, 0, 69],
			"translation": [1.75, 4.75, 1]
		},
		"firstperson_righthand": {
			"rotation": [180, 28, 42],
			"translation": [3, -0.5, 3.5]
		},
		"firstperson_lefthand": {
			"rotation": [180, 28, 42],
			"translation": [3, -0.5, 3.5]
		},
		"ground": {
			"translation": [0, 5.25, 0]
		},
		"gui": {
			"rotation": [33.75, 32.5, 0],
			"translation": [0, 2.25, 0],
			"scale": [0.72, 0.72, 0.72]
		},
		"head": {
			"rotation": [0, 0, 180],
			"translation": [0, -8.5, 0],
			"scale": [1.11328, 2.08984, 1]
		},
		"fixed": {
			"rotation": [-90, 0, 0],
			"translation": [0, 0, -7.75]
		}
	},
	"groups": [
		0,
		1,
		2,
		{
			"name": "left thing",
			"origin": [1, -1.5, 8],
			"color": 0,
			"children": [3, 4]
		}
	]
}