{
    "type": "minecraft:crafting_shaped",
    "category": "equipment",

    "group": "hoverboard",
    "pattern": [
      "0##",
      "12e",
      "Abc"
    ],
    "key": {
      "1": "minecraft:cherry_planks",
      "2": "minecraft:ice",
      "#": "minecraft:blue_wool",
      "A": "minecraft:tnt",
      "b": "wind_charge",
      "c": "glow_item_frame",
      "0": "ender_pearl",
      "e": "white_bundle"
    },
    "result": {
      "id": "minecraft:amethyst_shard",
      "count": 1,
      "components": {
        "minecraft:item_model": "sonicsbored",
        "minecraft:custom_name": {"color":"#3a8bf9","text":"sonicbored","italic":true},
        "minecraft:rarity": "epic",
        "minecraft:consumable": {
          "animation": "block",
          "has_consume_particles": false
        },
        "minecraft:custom_data": {
          "is_hoverboard": true,
          "hoverboard_style": 3
        },
        "minecraft:max_stack_size": 4
      }
    },
    "show_notification": true
  }
  