{
    "type": "minecraft:crafting_shaped",
    "category": "equipment",
    "group": "hoverboard",
    "pattern": [
      "###",
      "121",
      "A A"
    ],
    "key": {
      "1": "minecraft:water_bucket",
      "2": "minecraft:lava_bucket",
      "#": "minecraft:milk_bucket",
      "A": "minecraft:bucket"
    },
    "result": {
      "id": "minecraft:amethyst_shard",
      "count": 1,
      "components": {
        "minecraft:item_model": "boatbored",
        "minecraft:custom_name": {"color":"#5596ff","text":"boatbored","italic":true},
        "minecraft:rarity": "epic",
        "minecraft:consumable": {
          "animation": "block",
          "has_consume_particles": false
        },
        "minecraft:custom_data": {
          "is_hoverboard": true,
          "hoverboard_style": 4
        },
        "minecraft:max_stack_size": 4
      }
    },
    "show_notification": true
  }
  