{
	"format_version": "1.21.6",
	"credit": "Made with Blockbench",
	"texture_size": [32, 32],
	"textures": {
		"1": "space:item/wing-flap",
		"2": "space:item/batbored",
		"3": "space:item/flame",
		"particle": "space:item/wing"
	},
	"elements": [
		{
			"from": [4, 0, 2],
			"to": [11, 2, 13],
			"rotation": {"angle": 0, "axis": "y", "origin": [7, 0, 6]},
			"faces": {
				"north": {"uv": [7, 4, 10.5, 5], "texture": "#2"},
				"east": {"uv": [0, 5.5, 5.5, 6.5], "texture": "#2"},
				"south": {"uv": [2, 8.5, 5.5, 9.5], "texture": "#2"},
				"west": {"uv": [5.5, 5.5, 11, 6.5], "texture": "#2"},
				"up": {"uv": [3.5, 5.5, 0, 0], "texture": "#2"},
				"down": {"uv": [7, 0, 3.5, 5.5], "texture": "#2"}
			}
		},
		{
			"from": [11, 1, 4],
			"to": [19, 1, 12],
			"rotation": {"angle": 0, "axis": "y", "origin": [14, 1, 7]},
			"faces": {
				"north": {"uv": [0, 0, 6, 0], "texture": "#1"},
				"east": {"uv": [0, 0, 6, 0], "texture": "#1"},
				"south": {"uv": [0, 0, 6, 0], "texture": "#1"},
				"west": {"uv": [0, 0, 6, 0], "texture": "#1"},
				"up": {"uv": [0, 0, 16, 16], "texture": "#1"},
				"down": {"uv": [16, 0, 0, 16], "rotation": 180, "texture": "#1"}
			}
		},
		{
			"from": [-4, 1, 4],
			"to": [4, 1, 12],
			"rotation": {"angle": 0, "axis": "y", "origin": [1, 1, 7]},
			"faces": {
				"north": {"uv": [6, 0, 0, 0], "texture": "#1"},
				"east": {"uv": [6, 0, 0, 0], "texture": "#1"},
				"south": {"uv": [6, 0, 0, 0], "texture": "#1"},
				"west": {"uv": [6, 0, 0, 0], "texture": "#1"},
				"up": {"uv": [16, 0, 0, 16], "texture": "#1"},
				"down": {"uv": [0, 0, 16, 16], "rotation": 180, "texture": "#1"}
			}
		},
		{
			"from": [4, 0, 0],
			"to": [6, 1, 2],
			"rotation": {"angle": 0, "axis": "y", "origin": [4, 0, 0]},
			"faces": {
				"north": {"uv": [4, 9.5, 5, 10], "texture": "#2"},
				"east": {"uv": [10, 2, 11, 2.5], "texture": "#2"},
				"south": {"uv": [10, 2.5, 11, 3], "texture": "#2"},
				"west": {"uv": [10, 3, 11, 3.5], "texture": "#2"},
				"up": {"uv": [10, 1.5, 9, 0.5], "texture": "#2"},
				"down": {"uv": [10, 1.5, 9, 2.5], "texture": "#2"}
			}
		},
		{
			"from": [9, 0, 0],
			"to": [11, 1, 2],
			"rotation": {"angle": 0, "axis": "y", "origin": [11, 0, 0]},
			"faces": {
				"north": {"uv": [4, 10, 5, 10.5], "texture": "#2"},
				"east": {"uv": [5, 10, 6, 10.5], "texture": "#2"},
				"south": {"uv": [6, 10, 7, 10.5], "texture": "#2"},
				"west": {"uv": [10, 6.5, 11, 7], "texture": "#2"},
				"up": {"uv": [10, 3.5, 9, 2.5], "texture": "#2"},
				"down": {"uv": [6.5, 9, 5.5, 10], "texture": "#2"}
			}
		},
		{
			"from": [5, -1, 3],
			"to": [9, 0, 7],
			"rotation": {"angle": 0, "axis": "y", "origin": [6, -1, 4]},
			"faces": {
				"north": {"uv": [9, 3.5, 11, 4], "texture": "#2"},
				"east": {"uv": [9, 5, 11, 5.5], "texture": "#2"},
				"south": {"uv": [6.5, 9, 8.5, 9.5], "texture": "#2"},
				"west": {"uv": [8.5, 9, 10.5, 9.5], "texture": "#2"},
				"up": {"uv": [6, 8.5, 4, 6.5], "texture": "#2"},
				"down": {"uv": [16, 0, 0, 16], "texture": "#3"}
			}
		},
		{
			"from": [-2.499, 0.001, 5.501],
			"to": [1.499, 0.999, 9.499],
			"rotation": {"angle": 0, "axis": "y", "origin": [-1.5, 0, 6.5]},
			"faces": {
				"north": {"uv": [2, 9.5, 4, 10], "texture": "#2"},
				"east": {"uv": [6.5, 9.5, 8.5, 10], "texture": "#2"},
				"south": {"uv": [8.5, 9.5, 10.5, 10], "texture": "#2"},
				"west": {"uv": [9.5, 8.5, 11.5, 9], "texture": "#2"},
				"up": {"uv": [9, 2, 7, 0], "texture": "#2"},
				"down": {"uv": [16, 0, 0, 16], "texture": "#3"}
			}
		},
		{
			"from": [13.501, 0.001, 5.501],
			"to": [17.499, 0.999, 9.499],
			"rotation": {"angle": 0, "axis": "y", "origin": [16.5, 0, 6.5]},
			"faces": {
				"north": {"uv": [10, 0.5, 12, 1], "texture": "#2"},
				"east": {"uv": [10, 1, 12, 1.5], "texture": "#2"},
				"south": {"uv": [10, 1.5, 12, 2], "texture": "#2"},
				"west": {"uv": [2, 10, 4, 10.5], "texture": "#2"},
				"up": {"uv": [10, 8.5, 8, 6.5], "texture": "#2"},
				"down": {"uv": [16, 0, 0, 16], "texture": "#3"}
			}
		},
		{
			"from": [6, -1, 8],
			"to": [10, 0, 12],
			"rotation": {"angle": 0, "axis": "y", "origin": [7, -1, 9]},
			"faces": {
				"north": {"uv": [7, 5, 9, 5.5], "texture": "#2"},
				"east": {"uv": [5.5, 8.5, 7.5, 9], "texture": "#2"},
				"south": {"uv": [7.5, 8.5, 9.5, 9], "texture": "#2"},
				"west": {"uv": [9, 0, 11, 0.5], "texture": "#2"},
				"up": {"uv": [2, 8.5, 0, 6.5], "texture": "#2"},
				"down": {"uv": [16, 0, 0, 16], "texture": "#3"}
			}
		}
	],
	"display": {
		"thirdperson_righthand": {
			"translation": [0, 9, 0]
		},
		"thirdperson_lefthand": {
			"translation": [0, 9, 0]
		},
		"firstperson_righthand": {
			"rotation": [50, -16, 23],
			"translation": [-3.25, 9.25, 3.75]
		},
		"firstperson_lefthand": {
			"rotation": [60, -12, 9],
			"translation": [-2.25, 9.5, 3.75]
		},
		"ground": {
			"translation": [0, 9.5, 0]
		},
		"gui": {
			"rotation": [82, 50, -12],
			"translation": [1.5, 2.5, 0]
		},
		"head": {
			"rotation": [-90, -180, 0],
			"translation": [0, 4.5, -11.75],
			"scale": [4, 4, 4]
		},
		"fixed": {
			"rotation": [-90, 180, 0],
			"translation": [0, 0, -9.75]
		}
	}
}