{
	"format_version": "1.21.6",
	"credit": "Made with Blockbench",
	"texture_size": [32, 32],
	"textures": {
		"1": "space:item/ring1",
		"particle": "space:item/studsheet"
	},
	"elements": [
		{
			"from": [5, 2, 9.075],
			"to": [11, 8, 7.075],
			"rotation": {"angle": 0, "axis": "y", "origin": [8, 5, 8.075]},
			"faces": {
				"east": {"uv": [11, 0, 12, 4], "texture": "#1"},
				"west": {"uv": [10, 0, 11, 4], "texture": "#1"},
				"up": {"uv": [13, 4, 12, 0], "rotation": 90, "texture": "#1"},
				"down": {"uv": [13, 4, 14, 0], "rotation": 90, "texture": "#1"}
			}
		},
		{
			"from": [3, 0, 7.075],
			"to": [13, 10, 9.075],
			"rotation": {"angle": 0, "axis": "y", "origin": [8, 5, 8.075]},
			"faces": {
				"north": {"uv": [5, 0, 10, 5], "texture": "#1"},
				"east": {"uv": [0, 5, 1, 10], "texture": "#1"},
				"south": {"uv": [0, 0, 5, 5], "texture": "#1"},
				"west": {"uv": [6, 5, 11, 6], "rotation": 90, "texture": "#1"},
				"up": {"uv": [1, 6, 6, 5], "texture": "#1"},
				"down": {"uv": [15, 5, 16, 0], "rotation": 90, "texture": "#1"}
			}
		}
	],
	"display": {
		"thirdperson_righthand": {
			"translation": [0, 7.25, 0.75]
		},
		"thirdperson_lefthand": {
			"translation": [0, 7.25, 0.75]
		},
		"firstperson_righthand": {
			"rotation": [-24, -34, 0],
			"translation": [-3.25, 8, -0.25]
		},
		"firstperson_lefthand": {
			"rotation": [-24, -38, 0],
			"translation": [-3.25, 8, -0.25]
		},
		"ground": {
			"translation": [0, 5.5, 0]
		},
		"gui": {
			"translation": [0, 4.5, 0],
			"scale": [1.4, 1.4, 1.4]
		},
		"head": {
			"rotation": [-90, 0, 0],
			"translation": [0, 0, -6],
			"scale": [2.11, 2.11, 2.11]
		},
		"fixed": {
			"translation": [0, 5.75, -0.75],
			"scale": [1.72, 1.72, 1]
		}
	}
}