{
	"format_version": "1.21.6",
	"credit": "Made with Blockbench",
	"textures": {
		"0": "space:item/tex_0012_0"
	},
	"elements": [
		{
			"name": "bod",
			"from": [3, -3, -5],
			"to": [13, 3, 25],
			"rotation": {"angle": 0, "axis": "y", "origin": [9, 0, 25]},
			"faces": {
				"north": {"uv": [4.3125, 3.25, 4.5, 8.5], "rotation": 180, "texture": "#0"},
				"east": {"uv": [8.0625, 15.6875, 4.5625, 0.25], "rotation": 270, "texture": "#0"},
				"south": {"uv": [12.25, 5.625, 16, 9.3125], "rotation": 180, "texture": "#0"},
				"west": {"uv": [8.0625, 0, 4.5, 16], "rotation": 270, "texture": "#0"},
				"up": {"uv": [8.9375, 5.875, 12, 15.6875], "rotation": 180, "texture": "#0"},
				"down": {"uv": [7.5625, 0, 8, 16], "rotation": 180, "texture": "#0"}
			}
		},
		{
			"name": "fstand",
			"from": [5, 3, 0],
			"to": [11, 5, 6],
			"rotation": {"angle": 0, "axis": "y", "origin": [9, 0, 25]},
			"faces": {
				"north": {"uv": [9.125, 7.875, 11.8125, 9.875], "rotation": 180, "texture": "#0"},
				"east": {"uv": [9.125, 8.125, 11.9375, 10.125], "rotation": 180, "texture": "#0"},
				"south": {"uv": [9.3125, 8.75, 11.8125, 10.75], "rotation": 180, "texture": "#0"},
				"west": {"uv": [9.125, 9.625, 11.875, 11.625], "rotation": 180, "texture": "#0"},
				"up": {"uv": [10.9375, 0, 16, 5.4375], "rotation": 180, "texture": "#0"},
				"down": {"uv": [0, 0, 6, 6], "rotation": 180, "texture": "#0"}
			}
		},
		{
			"name": "bstand",
			"from": [5, 3, 16],
			"to": [11, 5, 22],
			"rotation": {"angle": 0, "axis": "y", "origin": [16, 0, 16]},
			"faces": {
				"north": {"uv": [9.125, 9.75, 11.8125, 11.75], "rotation": 180, "texture": "#0"},
				"east": {"uv": [8.9375, 7.25, 12.125, 9.25], "rotation": 180, "texture": "#0"},
				"south": {"uv": [9.1875, 9.625, 11.75, 11.625], "rotation": 180, "texture": "#0"},
				"west": {"uv": [9.125, 9.375, 11.6875, 11.375], "rotation": 180, "texture": "#0"},
				"up": {"uv": [10.875, 0, 16, 5.375], "rotation": 180, "texture": "#0"},
				"down": {"uv": [0, 0, 6, 6], "rotation": 180, "texture": "#0"}
			}
		},
		{
			"name": "standsconnecter",
			"from": [6, 3, 6],
			"to": [10, 4, 16],
			"rotation": {"angle": 0, "axis": "y", "origin": [9, 5, 5]},
			"faces": {
				"north": {"uv": [0, 0, 4, 1], "rotation": 180, "texture": "#0"},
				"east": {"uv": [9.0625, 7.9375, 12.1875, 14.0625], "rotation": 270, "texture": "#0"},
				"south": {"uv": [0, 0, 4, 1], "rotation": 180, "texture": "#0"},
				"west": {"uv": [9.5, 6.1875, 11.9375, 15.375], "rotation": 180, "texture": "#0"},
				"up": {"uv": [9, 5.875, 11.9375, 15.625], "rotation": 180, "texture": "#0"},
				"down": {"uv": [0, 0, 4, 10], "rotation": 180, "texture": "#0"}
			}
		},
		{
			"name": "bmooster",
			"from": [5, -2, 25],
			"to": [11, 2, 27],
			"light_emission": 15,
			"rotation": {"angle": 0, "axis": "y", "origin": [9, 0, 25]},
			"faces": {
				"north": {"uv": [12.8125, 5.8125, 16, 9.25], "rotation": 180, "texture": "#0"},
				"east": {"uv": [0, 0, 1.3125, 1.125], "rotation": 180, "texture": "#0"},
				"south": {"uv": [15.4375, 15.4375, 15.5625, 15.5625], "rotation": 180, "texture": "#0"},
				"west": {"uv": [0, 0, 1.0625, 1], "rotation": 180, "texture": "#0"},
				"up": {"uv": [0, 0, 1.0625, 1], "rotation": 180, "texture": "#0"},
				"down": {"uv": [0, 0, 1.25, 0.9375], "rotation": 180, "texture": "#0"}
			}
		},
		{
			"name": "brooster",
			"from": [0, -3, 22],
			"to": [5, 2, 27],
			"light_emission": 15,
			"rotation": {"angle": -45, "axis": "y", "origin": [3, -3, 25]},
			"faces": {
				"north": {"uv": [12.5, 5.6875, 16, 9.0625], "texture": "#0"},
				"east": {"uv": [1.8125, 13.1875, 6.8125, 16], "texture": "#0"},
				"south": {"uv": [15.75, 15.9375, 16, 16], "texture": "#0"},
				"west": {"uv": [1.625, 13.125, 6.625, 16], "texture": "#0"},
				"up": {"uv": [1.5625, 12.9375, 6.625, 16], "rotation": 270, "texture": "#0"},
				"down": {"uv": [2.0625, 13, 7.0625, 16], "rotation": 90, "texture": "#0"}
			}
		},
		{
			"name": "blooster",
			"from": [10, -3, 22],
			"to": [15, 2, 27],
			"light_emission": 15,
			"rotation": {"angle": -45, "axis": "y", "origin": [13, -3, 25]},
			"faces": {
				"north": {"uv": [1.5625, 13.0625, 6.5625, 16], "texture": "#0"},
				"east": {"uv": [15.8125, 15.625, 16, 16], "texture": "#0"},
				"south": {"uv": [2.0625, 13.0625, 7.0625, 16], "texture": "#0"},
				"west": {"uv": [12.5625, 5.875, 16, 9.125], "texture": "#0"},
				"up": {"uv": [1.5625, 13.125, 6.5625, 16], "rotation": 270, "texture": "#0"},
				"down": {"uv": [2, 12.8125, 6.4375, 16], "rotation": 90, "texture": "#0"}
			}
		}
	],
	"display": {
		"thirdperson_righthand": {
			"translation": [0, 5.75, 0],
			"scale": [0.69, 0.49, 0.54]
		},
		"thirdperson_lefthand": {
			"translation": [0, 6, 1],
			"scale": [0.69, 0.49, 0.55]
		},
		"firstperson_righthand": {
			"rotation": [-16, 29, -180],
			"translation": [-5.75, -2.25, 0.75],
			"scale": [0.62, 0.62, 0.62]
		},
		"firstperson_lefthand": {
			"rotation": [-14, 11, -167],
			"translation": [5.25, -5.5, -2.75],
			"scale": [0.62, 0.62, 0.62]
		},
		"ground": {
			"translation": [0, 8.75, -2],
			"scale": [0.9, 0.88, 0.91]
		},
		"gui": {
			"rotation": [17, -145, -180],
			"translation": [1.25, -6.25, 0],
			"scale": [0.73, 0.73, 0.73]
		},
		"head": {
			"rotation": [-1, 0, -180],
			"translation": [0, 3.5, -2.5]
		},
		"fixed": {
			"rotation": [-90, 0, 0],
			"translation": [0, 0, -8.25],
			"scale": [0.66, 0.66, 0.66]
		}
	}
}